Metric,Value,Normalized_Score
Exact Match,0.0,0.0
ROUGE-1,0.1668,0.26488804192472604
ROUGE-2,0.0568,0.09020168334127363
ROUGE-L,0.1458,0.2315388280133397
BLEU,0.0158,0.025091313323804987
Cosine Similarity,0.6297,1.0
YesNoScore,0.25,0.39701445132602825
